{"accuracy": [0.6917162537574768, 0.8782241940498352, 0.9238591194152832, 0.9394841194152832, 0.953125, 0.956845223903656, 0.9561011791229248, 0.955605149269104, 0.9608134627342224, 0.965029776096344], "loss": [15.746194839477539, 0.5077497363090515, 0.28838279843330383, 0.23468512296676636, 0.16113480925559998, 0.14110173285007477, 0.13471022248268127, 0.17102672159671783, 0.12676340341567993, 0.11703159660100937], "val_accuracy": [0.836776852607727, 0.8935950398445129, 0.913223147392273, 0.913223147392273, 0.9307851195335388, 0.9173553586006165, 0.9194214940071106, 0.9070248007774353, 0.93388432264328, 0.9431818127632141], "val_loss": [0.7201001048088074, 0.4609270691871643, 0.44568055868148804, 0.545669436454773, 0.3773341476917267, 0.44538286328315735, 0.5304268002510071, 0.45361271500587463, 0.39274081587791443, 0.45344099402427673]}