{"accuracy": [0.6165624856948853], "loss": [19.7838191986084], "val_accuracy": [0.7900000214576721], "val_loss": [0.8638408780097961]}