{"accuracy": [0.38702112436294556, 0.542187511920929, 0.5871774554252625, 0.5824863314628601, 0.5887411832809448, 0.6012510061264038, 0.6121970415115356, 0.6176700592041016, 0.6015625, 0.6333072781562805, 0.629397988319397, 0.6348710060119629, 0.6421874761581421, 0.6301798224449158, 0.639843761920929, 0.6520719528198242, 0.6458170413970947, 0.6411258578300476, 0.6567630767822266, 0.6450352072715759, 0.6411258578300476, 0.6465989351272583, 0.6567630767822266, 0.6520719528198242, 0.6575449705123901, 0.6497263312339783, 0.6591086983680725, 0.663017988204956, 0.6567630767822266, 0.6578124761581421, 0.663017988204956, 0.6770914793014526, 0.6716184616088867, 0.668749988079071, 0.6677091717720032, 0.6856919527053833, 0.6796875, 0.6716184616088867, 0.6763096451759338, 0.6812499761581421, 0.6817826628684998, 0.6958561539649963, 0.68359375, 0.6903831362724304, 0.688819408416748, 0.6817826628684998, 0.703906238079071, 0.702111005783081, 0.7138389348983765, 0.6810007691383362], "loss": [1.575840711593628, 1.1970676183700562, 1.0491454601287842, 1.0076271295547485, 0.9678593873977661, 0.9486128687858582, 0.9409211874008179, 0.9466975927352905, 0.9398710131645203, 0.8897601962089539, 0.8965610265731812, 0.8768503069877625, 0.8671170473098755, 0.8846172094345093, 0.878510594367981, 0.8585901260375977, 0.8390687704086304, 0.8463519811630249, 0.8494284749031067, 0.8294736742973328, 0.8474361300468445, 0.8445380330085754, 0.8164256811141968, 0.8364875912666321, 0.8171980977058411, 0.8257546424865723, 0.8187851905822754, 0.7991617321968079, 0.8034330606460571, 0.815595805644989, 0.8065711259841919, 0.7935359477996826, 0.7974494099617004, 0.7938935160636902, 0.7914620041847229, 0.7710270881652832, 0.7771071195602417, 0.7683377861976624, 0.7738131284713745, 0.7607949376106262, 0.7365884184837341, 0.7378399968147278, 0.7615112066268921, 0.7495002150535583, 0.7496386766433716, 0.7410717010498047, 0.7455302476882935, 0.7323625087738037, 0.7290560603141785, 0.73467618227005], "val_accuracy": [0.550000011920929, 0.6050156950950623, 0.630094051361084, 0.6156250238418579, 0.574999988079071, 0.5987460613250732, 0.59375, 0.653124988079071, 0.6343749761581421, 0.606249988079071, 0.6990595459938049, 0.6457680463790894, 0.612500011920929, 0.625, 0.6175548434257507, 0.59375, 0.612500011920929, 0.6343749761581421, 0.6499999761581421, 0.653124988079071, 0.6625000238418579, 0.6656249761581421, 0.703125, 0.6645768284797668, 0.6959247589111328, 0.653124988079071, 0.6656249761581421, 0.6499999761581421, 0.6875, 0.6959247589111328, 0.659375011920929, 0.65625, 0.668749988079071, 0.690625011920929, 0.6875, 0.7147335410118103, 0.702194333076477, 0.65625, 0.6771159768104553, 0.6781250238418579, 0.6656249761581421, 0.699999988079071, 0.731249988079071, 0.7250000238418579, 0.684374988079071, 0.6625000238418579, 0.7250000238418579, 0.721875011920929, 0.75, 0.71875], "val_loss": [1.3152095079421997, 1.0458707809448242, 1.0070070028305054, 0.9060831069946289, 0.9672648310661316, 0.9496825933456421, 0.9328729510307312, 0.8400025367736816, 0.9061137437820435, 0.9651605486869812, 0.7941523790359497, 0.8324753642082214, 0.8630483746528625, 0.8842258453369141, 0.8787338137626648, 0.9108602404594421, 0.9091399312019348, 0.9208370447158813, 0.8156949877738953, 0.793802797794342, 0.791658341884613, 0.8615090250968933, 0.7605620622634888, 0.8065178990364075, 0.7571495771408081, 0.825103759765625, 0.7847838997840881, 0.8497434854507446, 0.7855070233345032, 0.726029634475708, 0.8179894685745239, 0.8294280767440796, 0.818645179271698, 0.7406187653541565, 0.76124507188797, 0.7304905652999878, 0.6807255744934082, 0.7860599756240845, 0.731385350227356, 0.7780263423919678, 0.7540319561958313, 0.7381392121315002, 0.6991214752197266, 0.6803299188613892, 0.7541405558586121, 0.80487060546875, 0.6697521805763245, 0.6772634983062744, 0.654638409614563, 0.6549961566925049]}