{"accuracy": [0.1922122985124588], "loss": [4.327482223510742], "val_accuracy": [0.30268594622612], "val_loss": [1.928299069404602]}