{"accuracy": [0.2137896865606308, 0.3849206268787384, 0.5042162537574768, 0.601190447807312, 0.7021329402923584, 0.7958829402923584, 0.8432539701461792, 0.8660714030265808, 0.8945932388305664, 0.9285714030265808, 0.945684552192688, 0.9417162537574768, 0.9451884627342224, 0.9541170597076416, 0.9464285969734192, 0.9347718358039856, 0.948164701461792, 0.9548611044883728, 0.9533730149269104, 0.951884925365448, 0.9692460298538208, 0.9647817611694336, 0.9499008059501648, 0.9508928656578064, 0.958085298538208, 0.9551091194152832, 0.9608134627342224, 0.9615575671195984, 0.9759424328804016, 0.9759424328804016, 0.9647817611694336, 0.9538690447807312, 0.9610615372657776, 0.9598214030265808, 0.967509925365448, 0.95932537317276, 0.9655258059501648, 0.9756944179534912, 0.9747023582458496, 0.9836309552192688, 0.9809027910232544, 0.9739583134651184, 0.9739583134651184, 0.951884925365448, 0.95932537317276, 0.9665178656578064, 0.9694940447807312, 0.9714781641960144, 0.9739583134651184, 0.9801587462425232, 0.9851190447807312, 0.9809027910232544, 0.9784226417541504, 0.9841269850730896, 0.9727182388305664, 0.9652777910232544, 0.9838789701461792, 0.9809027910232544, 0.9816468358039856, 0.9841269850730896, 0.9692460298538208, 0.980654776096344, 0.9742063283920288, 0.9704861044883728, 0.972470223903656, 0.985615074634552, 0.9846230149269104, 0.988095223903656, 0.9823908805847168, 0.979414701461792, 0.9694940447807312, 0.9759424328804016, 0.9875991940498352, 0.9863591194152832, 0.9875991940498352, 0.9866071343421936, 0.9789186716079712, 0.9776785969734192, 0.9888392686843872, 0.9910714030265808, 0.9786706566810608, 0.9751983880996704, 0.9747023582458496, 0.9799107313156128, 0.9734622836112976, 0.976190447807312, 0.9813988208770752, 0.9848710298538208, 0.986855149269104, 0.99057537317276, 0.988095223903656, 0.9928075671195984, 0.9883432388305664, 0.9890872836112976, 0.9821428656578064, 0.9811508059501648, 0.9729662537574768, 0.9784226417541504, 0.9747023582458496, 0.9826388955116272], "loss": [3.994582414627075, 1.732526183128357, 1.3843568563461304, 1.1402968168258667, 0.8523065447807312, 0.6041038632392883, 0.472806453704834, 0.38172343373298645, 0.32056403160095215, 0.22266773879528046, 0.17091861367225647, 0.1960005909204483, 0.1625244915485382, 0.14618590474128723, 0.17592838406562805, 0.20005673170089722, 0.1654176265001297, 0.14314256608486176, 0.15537364780902863, 0.15323123335838318, 0.09635686874389648, 0.11846043914556503, 0.14993831515312195, 0.18076880276203156, 0.13039734959602356, 0.16165024042129517, 0.12620368599891663, 0.1335163414478302, 0.08253499865531921, 0.08291001617908478, 0.1275145262479782, 0.16728676855564117, 0.12326790392398834, 0.15478309988975525, 0.11740026623010635, 0.1579313427209854, 0.12510405480861664, 0.09877092391252518, 0.09083183109760284, 0.05569223687052727, 0.07937654852867126, 0.09311922639608383, 0.10065649449825287, 0.2124757617712021, 0.1771334856748581, 0.12898927927017212, 0.13188955187797546, 0.1140197366476059, 0.11628281325101852, 0.07021486014127731, 0.05973433330655098, 0.09172222763299942, 0.09083870053291321, 0.0610056035220623, 0.1464577317237854, 0.15516184270381927, 0.08813828974962234, 0.10022097826004028, 0.060994841158390045, 0.059443701058626175, 0.1559687852859497, 0.09449571371078491, 0.12026244401931763, 0.1488533914089203, 0.13277167081832886, 0.0668228417634964, 0.0628390684723854, 0.06377296149730682, 0.10265352576971054, 0.12254678457975388, 0.18075941503047943, 0.13234177231788635, 0.06546954065561295, 0.05841580778360367, 0.053699757903814316, 0.07725197821855545, 0.11514720320701599, 0.13374896347522736, 0.05413081869482994, 0.04296530783176422, 0.1089898943901062, 0.1445561945438385, 0.15331052243709564, 0.09859107434749603, 0.18881630897521973, 0.12794442474842072, 0.12223023921251297, 0.07443162798881531, 0.07189103215932846, 0.048289284110069275, 0.08703049272298813, 0.04772249236702919, 0.06979124993085861, 0.07141494750976562, 0.10822346806526184, 0.1158638447523117, 0.19346795976161957, 0.16816173493862152, 0.20625631511211395, 0.1139024868607521], "val_accuracy": [0.29958677291870117, 0.37706610560417175, 0.3873966932296753, 0.4648760259151459, 0.46694216132164, 0.48553720116615295, 0.4679751992225647, 0.4628099203109741, 0.5123966932296753, 0.5041322112083435, 0.5320248007774353, 0.5144628286361694, 0.51962810754776, 0.538223147392273, 0.5278925895690918, 0.5134297609329224, 0.5268595218658447, 0.5268595218658447, 0.5340909361839294, 0.5227272510528564, 0.5247933864593506, 0.5485537052154541, 0.5444214940071106, 0.5320248007774353, 0.5175619721412659, 0.5320248007774353, 0.5309917330741882, 0.5330578684806824, 0.5423553586006165, 0.5485537052154541, 0.5268595218658447, 0.5154958963394165, 0.5361570119857788, 0.5299586653709412, 0.5082644820213318, 0.5402892827987671, 0.5185950398445129, 0.53925621509552, 0.5330578684806824, 0.5444214940071106, 0.5206611752510071, 0.5454545617103577, 0.5299586653709412, 0.5237603187561035, 0.5268595218658447, 0.5237603187561035, 0.5278925895690918, 0.5309917330741882, 0.5278925895690918, 0.5361570119857788, 0.5485537052154541, 0.5371900796890259, 0.5351239442825317, 0.5495867729187012, 0.5402892827987671, 0.53925621509552, 0.5495867729187012, 0.5537189841270447, 0.5485537052154541, 0.5216942429542542, 0.5237603187561035, 0.5165289044380188, 0.5258264541625977, 0.5423553586006165, 0.5423553586006165, 0.5692148804664612, 0.5526859760284424, 0.538223147392273, 0.5516529083251953, 0.5444214940071106, 0.5371900796890259, 0.5454545617103577, 0.557851254940033, 0.5402892827987671, 0.5444214940071106, 0.5413222908973694, 0.5485537052154541, 0.5278925895690918, 0.5423553586006165, 0.5268595218658447, 0.53925621509552, 0.5485537052154541, 0.5278925895690918, 0.538223147392273, 0.5361570119857788, 0.5423553586006165, 0.5423553586006165, 0.5351239442825317, 0.5320248007774353, 0.5423553586006165, 0.5330578684806824, 0.5402892827987671, 0.5278925895690918, 0.5227272510528564, 0.5320248007774353, 0.538223147392273, 0.5258264541625977, 0.5361570119857788, 0.5289255976676941, 0.5351239442825317],