{"accuracy": [0.674355149269104, 0.8554067611694336, 0.9022817611694336, 0.9236111044883728, 0.948164701461792], "loss": [15.041549682617188, 0.5282589197158813, 0.3451879918575287, 0.2784714102745056, 0.1768811047077179], "val_accuracy": [0.7902892827987671, 0.8388429880142212, 0.8935950398445129, 0.9028925895690918, 0.9204545617103577], "val_loss": [0.767385721206665, 0.5977548956871033, 0.5160293579101562, 0.4973828196525574, 0.3414849042892456]}