{"accuracy": [0.7477678656578064], "loss": [23.468673706054688], "val_accuracy": [0.8853305578231812], "val_loss": [1.6906689405441284]}