{"accuracy": [0.2028769850730896, 0.3514384925365448, 0.4742063581943512, 0.5766369104385376, 0.6617063283920288, 0.7532241940498352, 0.8234127163887024, 0.8717758059501648, 0.9089781641960144, 0.9154266119003296], "loss": [4.180819988250732, 1.8270134925842285, 1.4864702224731445, 1.1983489990234375, 0.981643795967102, 0.7340386509895325, 0.526774525642395, 0.37911155819892883, 0.2849225103855133, 0.2637791037559509], "val_accuracy": [0.28099173307418823, 0.3873966932296753, 0.4121900796890259, 0.3801652789115906, 0.4586776793003082, 0.46590909361839294, 0.4958677589893341, 0.5020661354064941, 0.49793389439582825, 0.5113636255264282], "val_loss": [1.9537606239318848, 1.7160775661468506, 1.8010202646255493, 1.8170335292816162, 1.7684630155563354, 1.8395885229110718, 1.93006432056427, 2.077193021774292, 2.368791103363037, 2.285844087600708]}