{"accuracy": [0.1961805522441864, 0.3375495970249176, 0.4474206268787384, 0.5523313283920288, 0.6398809552192688], "loss": [3.876870632171631, 1.8467730283737183, 1.5462720394134521, 1.28560209274292, 1.0426807403564453], "val_accuracy": [0.28822314739227295, 0.3626033067703247, 0.39462810754776, 0.4266528785228729, 0.4638429880142212], "val_loss": [2.0108320713043213, 1.8131966590881348, 1.8218677043914795, 1.8025065660476685, 1.9371072053909302]}