{"accuracy": [0.42109376192092896, 0.4628615975379944, 0.4949178993701935, 0.4863174259662628, 0.49022674560546875, 0.5050820708274841, 0.507031261920929, 0.48828125, 0.5254104733467102, 0.500781238079071, 0.49569976329803467, 0.5097732543945312, 0.4933541715145111, 0.49687498807907104, 0.5082095265388489, 0.5207192897796631, 0.5168099999427795, 0.5246286392211914, 0.508593738079071, 0.512900710105896, 0.4925723075866699, 0.4945312440395355, 0.5019546747207642, 0.5207192897796631, 0.5074276924133301, 0.523064911365509, 0.5222830176353455, 0.5269742012023926, 0.5222830176353455, 0.5257812738418579, 0.5293197631835938, 0.5301016569137573, 0.4996090829372406, 0.5062500238418579, 0.5316653847694397, 0.5035184025764465, 0.5254104733467102, 0.5371384024620056, 0.528124988079071, 0.5215011835098267, 0.49022674560546875, 0.5261923670768738, 0.5394839644432068, 0.5254104733467102, 0.502736508846283, 0.5355746746063232, 0.5168099999427795, 0.5390625, 0.5367187261581421, 0.5324472188949585], "loss": [1.3933615684509277, 1.1202597618103027, 1.0943479537963867, 1.1197172403335571, 1.1166627407073975, 1.0963865518569946, 1.1018450260162354, 1.0891220569610596, 1.0666433572769165, 1.0826562643051147, 1.1069550514221191, 1.105298399925232, 1.1034433841705322, 1.098021149635315, 1.0762478113174438, 1.0758224725723267, 1.0770552158355713, 1.0628677606582642, 1.0924797058105469, 1.0678459405899048, 1.0963971614837646, 1.1008849143981934, 1.0904494524002075, 1.081081509590149, 1.0898396968841553, 1.05177903175354, 1.0620977878570557, 1.0734879970550537, 1.0846701860427856, 1.0760782957077026, 1.0360692739486694, 1.062958836555481, 1.0805307626724243, 1.0743886232376099, 1.038077473640442, 1.0839943885803223, 1.049439787864685, 1.0660228729248047, 1.0771124362945557, 1.0463074445724487, 1.086984634399414, 1.0394136905670166, 1.0458732843399048, 1.0435973405838013, 1.0633152723312378, 1.050682783126831, 1.057625412940979, 1.0307203531265259, 1.0689301490783691, 1.0428249835968018], "val_accuracy": [0.4281249940395355, 0.512499988079071, 0.45625001192092896, 0.5109717845916748, 0.53125, 0.543749988079071, 0.453125, 0.48124998807907104, 0.5218750238418579, 0.590624988079071, 0.4890282154083252, 0.515625, 0.5562499761581421, 0.5, 0.5078369975090027, 0.528124988079071, 0.512499988079071, 0.565625011920929, 0.5375000238418579, 0.534375011920929, 0.5249999761581421, 0.4625000059604645, 0.5093749761581421, 0.48124998807907104, 0.5297805666923523, 0.5078369975090027, 0.484375, 0.503125011920929, 0.47187501192092896, 0.4625000059604645, 0.534375011920929, 0.5266457796096802, 0.45625001192092896, 0.5266457796096802, 0.503125011920929, 0.5329153537750244, 0.528124988079071, 0.515625, 0.4937500059604645, 0.5062500238418579, 0.4781250059604645, 0.5266457796096802, 0.484375, 0.534375011920929, 0.528124988079071, 0.4781250059604645, 0.5249999761581421, 0.609375, 0.5391849279403687, 0.574999988079071], "val_loss": [1.086435317993164, 0.9844657778739929, 0.9899817109107971, 0.9829506278038025, 1.020216703414917, 0.9006742835044861, 1.100143551826477, 1.0649369955062866, 0.9937170147895813, 0.9140068292617798, 0.9906734228134155, 1.0649564266204834, 1.0048474073410034, 1.0253771543502808, 1.0539681911468506, 0.9742215871810913, 1.0438393354415894, 0.9584971070289612, 1.009042739868164, 0.9288700222969055, 0.9818325042724609, 1.0180606842041016, 1.0658104419708252, 1.0040935277938843, 0.9603753685951233, 1.085493564605713, 1.0156095027923584, 1.0188244581222534, 0.9907230138778687, 1.0238823890686035, 0.9570472240447998, 1.0176239013671875, 1.014133334159851, 0.9894521236419678, 1.1102100610733032, 0.9857070446014404, 0.9457712173461914, 1.0376672744750977, 1.0238146781921387, 1.0321389436721802, 1.039034366607666, 0.9987444281578064, 1.0404552221298218, 0.9686986804008484, 0.9610008597373962, 1.0105751752853394, 0.9665051102638245, 0.8715522885322571, 0.9640905261039734, 0.960025429725647]}