epochs,training_duration,training_duration,aibom_duration,aibom_duration,total_duration,total_duration
,mean,std,mean,std,mean,std
1,3.9936,0.09274600919835974,0.3725,0.016263455967290587,4.3661,0.09442745598841683
2,6.5744,0.4055107068048058,0.3789,0.026459402865522116,6.9533000000000005,0.39972408539446863
5,14.019200000000001,0.5272614363124064,0.3906,0.075008443969107,14.4098,0.5192825820302462
10,25.821800000000003,0.6553753462287426,0.3831,0.07303492315324223,26.2049,0.6327088939191899
50,122.57455555555556,4.04622367495641,0.3882222222222222,0.08747253537222092,122.96277777777777,4.064951714897046
