Epochs,Training Mean (s),AIBOM Mean (s),Total Mean (s),AIBOM Overhead (%)
5,14.2848,0.4084,14.6932,2.779517055508671
10,25.1004,0.35839999999999994,25.4588,1.4077647021854915
15,36.7678,0.369,37.1368,0.9936235755369336
20,48.9834,0.40099999999999997,49.3844,0.8119973108916986
25,59.64919999999999,0.34900000000000003,59.9982,0.5816841171901825
30,71.1544,0.3674,71.52180000000001,0.5136895324222823
