epochs,training_duration,training_duration,aibom_duration,aibom_duration,total_duration,total_duration
,mean,std,mean,std,mean,std
5,13.11042857142857,1.1096750060479958,0.3921428571428572,0.048694382192844964,13.502571428571429,1.1557982605314896
10,23.864571428571427,0.7044621724272726,0.3517142857142857,0.00917813135872956,24.216285714285714,0.7120912194107609
25,58.501714285714286,1.7078332973181467,0.3912857142857143,0.08602463655975592,58.892999999999994,1.7568374047323378
50,114.73528571428572,3.1671962213860265,0.3752857142857143,0.020491577828580274,115.11057142857143,3.1816515552535933
100,230.81657142857142,5.747624693649337,0.3832857142857143,0.03166340835367268,231.19985714285713,5.750777409144243
