epochs,training_duration,training_duration,aibom_duration,aibom_duration,total_duration,total_duration
,mean,std,mean,std,mean,std
5,14.2848,1.4376524962590933,0.4084,0.04332782016210834,14.6932,1.4725870772215808
10,25.1004,0.6043362474649352,0.35839999999999994,0.0057271284253105435,25.4588,0.6013540554448763
15,36.7678,1.4039160231295895,0.369,0.022671568097509285,37.1368,1.423449050721521
20,48.9834,1.0529697526519939,0.40099999999999997,0.09454892913195788,49.3844,0.971131968375049
25,59.64919999999999,1.676842777364651,0.34900000000000003,0.01157583690279023,59.9982,1.6705602952303136
30,71.1544,2.0614629028920217,0.3674,0.017213366899011925,71.52180000000001,2.074379835035039
