Epochs,Training Time (s),AIBOM Time (s),Total Time (s),AIBOM Overhead (%)
1,4.316,0.265,4.581,5.784763152150186
2,6.629,0.234,6.863,3.409587643887513
5,12.492,0.218,12.71,1.7151848937844216
10,23.79,0.196,23.986,0.8171433336112732
50,117.728,0.198,117.926,0.1679019045842308
100,230.837,0.197,231.034,0.08526883489010276
