Epochs,Training Mean (s),AIBOM Mean (s),Total Mean (s),AIBOM Overhead (%)
5,13.11042857142857,0.3921428571428572,13.502571428571429,2.9042087221481627
10,23.864571428571427,0.3517142857142857,24.216285714285714,1.4523874134289791
25,58.501714285714286,0.3912857142857143,58.892999999999994,0.6644010566378251
50,114.73528571428572,0.3752857142857143,115.11057142857143,0.3260219366720693
100,230.81657142857142,0.3832857142857143,231.19985714285713,0.16578112072486453
