{"accuracy": [0.6204769611358643], "loss": [28.28990364074707], "val_accuracy": [0.8450704216957092], "val_loss": [0.9453961253166199]}