{"accuracy": [0.766865074634552, 0.90004962682724], "loss": [9.149012565612793, 0.8468548655509949], "val_accuracy": [0.8925619721412659, 0.9028925895690918], "val_loss": [1.1528496742248535, 0.902478814125061]}