{"accuracy": [0.604414701461792], "loss": [17.68306541442871], "val_accuracy": [0.7789255976676941], "val_loss": [0.9269217252731323]}