{"accuracy": [0.551835298538208], "loss": [9.706250190734863], "val_accuracy": [0.7334710955619812], "val_loss": [0.910878598690033]}