{"accuracy": [0.204365074634552, 0.3526785671710968, 0.4657738208770752, 0.5736607313156128, 0.6592261791229248, 0.7591766119003296, 0.8442460298538208, 0.88442462682724, 0.91245037317276, 0.9179067611694336], "loss": [4.261346817016602, 1.820758581161499, 1.5195798873901367, 1.2313342094421387, 0.9922634363174438, 0.7339025735855103, 0.47207656502723694, 0.3649892508983612, 0.27728381752967834, 0.24336950480937958], "val_accuracy": [0.27685949206352234, 0.37396693229675293, 0.4163223206996918, 0.43801653385162354, 0.47417354583740234, 0.4958677589893341, 0.48037189245224, 0.5051652789115906, 0.5061983466148376, 0.5092975497245789], "val_loss": [1.9768399000167847, 1.751378059387207, 1.6535072326660156, 1.7480852603912354, 1.7782011032104492, 1.8299285173416138, 2.039377212524414, 2.305227279663086, 2.5053412914276123, 2.593980073928833]}