{"accuracy": [0.7239583134651184], "loss": [12.798373222351074], "val_accuracy": [0.8006198406219482], "val_loss": [0.6705881953239441]}