{"accuracy": [0.657490074634552], "loss": [16.655561447143555], "val_accuracy": [0.7871900796890259], "val_loss": [0.7199466228485107]}