{"accuracy": [0.7440476417541504], "loss": [13.959602355957031], "val_accuracy": [0.8264462947845459], "val_loss": [1.8572680950164795]}