{"accuracy": [0.6522817611694336], "loss": [13.234426498413086], "val_accuracy": [0.8150826692581177], "val_loss": [1.8492965698242188]}