Dataset Size (Images per Class),Dataset Size (KB),Definition Size (KB),Input Model Size (KB),Trained Model Size (KB),AIBOM Size (KB),Logs Size (KB),Metrics Size (KB),RunLink Size (KB),Total Job Folder Size (KB),AIBOM % of Trained Model
100,384.123046875,0.150390625,2738.6904296875,8163.0986328125,13.4736328125,4.251953125,0.1279296875,1.275390625,11305.19140625,0.16505537196795841
200,765.177734375,0.150390625,2738.6904296875,8163.0986328125,13.4765625,4.251953125,0.130859375,1.275390625,11686.251953125,0.16509126137260463
300,1153.4462890625,0.150390625,2738.6904296875,8163.0986328125,13.4775390625,4.251953125,0.1318359375,1.275390625,12074.5224609375,0.1651032245074867
400,1537.126953125,0.150390625,2738.6904296875,8163.0986328125,13.4765625,4.251953125,0.130859375,1.275390625,12458.201171875,0.16509126137260463
500,1923.439453125,0.150390625,2738.6904296875,8163.0986328125,13.4775390625,4.251953125,0.1328125,1.275390625,12844.5166015625,0.1651032245074867
