Epochs,Dataset Size (KB),Definition Size (KB),Input Model Size (KB),Trained Model Size (KB),AIBOM Size (KB),Logs Size (KB),Metrics Size (KB),RunLink Size (KB),Total Job Folder Size (KB),AIBOM % of Trained Model
1,1923.439453125,0.1220703125,2738.6904296875,8163.0986328125,13.46484375,4.251953125,0.130859375,1.267578125,12844.4658203125,0.16494770375401976
2,1923.439453125,0.1220703125,2738.6904296875,8163.0986328125,13.544921875,4.251953125,0.2109375,1.267578125,12844.6259765625,0.16592868081434972
5,1923.439453125,0.1220703125,2738.6904296875,8163.0986328125,13.7763671875,4.251953125,0.4423828125,1.267578125,12845.0888671875,0.168763943781401
10,1923.439453125,0.1220703125,2738.6904296875,8163.0986328125,14.166015625,4.251953125,0.830078125,1.267578125,12845.8662109375,0.17353723459934803
50,1923.439453125,0.1220703125,2738.6904296875,8163.0986328125,17.310546875,4.251953125,3.9736328125,1.267578125,12852.154296875,0.21205852891962246
