{"accuracy": [0.3774038553237915], "loss": [85.6534423828125], "val_accuracy": [0.601190447807312], "val_loss": [6.76051664352417]}