{"accuracy": [0.7328869104385376, 0.8802083134651184, 0.9211309552192688, 0.9476686716079712, 0.9573412537574768, 0.9600694179534912, 0.967509925365448, 0.9682539701461792, 0.9727182388305664, 0.9742063283920288], "loss": [13.028934478759766, 0.8389371037483215, 0.4342115521430969, 0.24121758341789246, 0.17856769263744354, 0.15870995819568634, 0.1308169811964035, 0.10211125016212463, 0.1001821979880333, 0.1007506400346756], "val_accuracy": [0.8264462947845459, 0.8863636255264282, 0.8564049601554871, 0.9101239442825317, 0.9070248007774353, 0.9152892827987671, 0.9183884263038635, 0.9297520518302917, 0.9369834661483765, 0.9380165338516235], "val_loss": [1.700892448425293, 0.684962809085846, 0.8982137441635132, 0.5063250660896301, 0.540402352809906, 0.5110825300216675, 0.4676605463027954, 0.37232205271720886, 0.4218813180923462, 0.37465882301330566]}