{"accuracy": [0.6897321343421936, 0.8809523582458496, 0.9184027910232544, 0.9397321343421936, 0.942460298538208, 0.9528769850730896, 0.9585813283920288, 0.9660218358039856, 0.9784226417541504, 0.9756944179534912], "loss": [22.678836822509766, 1.2262754440307617, 0.6258828639984131, 0.38969242572784424, 0.343650758266449, 0.2530900835990906, 0.23162822425365448, 0.18886308372020721, 0.122462697327137, 0.15731021761894226], "val_accuracy": [0.7871900796890259, 0.8646694421768188, 0.8719007968902588, 0.9173553586006165, 0.9080578684806824, 0.922520637512207, 0.9121900796890259, 0.9204545617103577, 0.9276859760284424, 0.9183884263038635], "val_loss": [2.6550424098968506, 1.3073112964630127, 1.306090235710144, 0.8438013792037964, 1.0043450593948364, 0.9836822152137756, 0.978840172290802, 1.0019047260284424, 0.7445831894874573, 0.861778199672699]}