{"accuracy": [0.5905258059501648], "loss": [27.090425491333008], "val_accuracy": [0.7035123705863953], "val_loss": [1.1756318807601929]}