{"accuracy": [0.2110615074634552, 0.3559027910232544], "loss": [4.128520488739014, 1.8093281984329224], "val_accuracy": [0.29235535860061646, 0.3398760259151459], "val_loss": [2.0222887992858887, 1.9323973655700684]}