Units,Dataset Size (KB),Definition Size (KB),Input Model Size (KB),Trained Model Size (KB),AIBOM Size (KB),Logs Size (KB),Metrics Size (KB),RunLink Size (KB),Total Job Folder Size (KB),AIBOM % of Trained Model
8,1923.439453125,0.1220703125,708.0634765625,2071.220703125,13.287109375,4.251953125,0.1328125,1.275390625,4721.79296875,0.641511035253403
16,1923.439453125,0.1220703125,1384.9521484375,4101.8603515625,13.2861328125,4.251953125,0.1298828125,1.2763671875,7429.318359375,0.3239050497523394
32,1923.439453125,0.1220703125,2738.7021484375,8163.1103515625,13.287109375,4.251953125,0.1318359375,1.2763671875,12844.3212890625,0.162770179536489
64,1923.439453125,0.1220703125,5446.203125,16285.611328125,13.2890625,4.251953125,0.1328125,1.2763671875,23674.326171875,0.08160002245079982
128,1923.439453125,0.1220703125,10861.205078125,32530.6142578125,13.291015625,4.251953125,0.1328125,1.27734375,45334.333984375,0.04085694638184722
