{"accuracy": [0.74379962682724, 0.885664701461792, 0.9067460298538208, 0.9370039701461792, 0.9521329402923584, 0.958085298538208, 0.9608134627342224, 0.9647817611694336, 0.9655258059501648, 0.9533730149269104], "loss": [10.70057487487793, 0.6845223903656006, 0.40976858139038086, 0.24678878486156464, 0.18444746732711792, 0.14958108961582184, 0.13674500584602356, 0.12840288877487183, 0.12092165648937225, 0.17078503966331482], "val_accuracy": [0.8657024502754211, 0.8904958963394165, 0.9008264541625977, 0.8977272510528564, 0.922520637512207, 0.9256198406219482, 0.9204545617103577, 0.9297520518302917, 0.9214876294136047, 0.9380165338516235], "val_loss": [1.2019199132919312, 0.6784052848815918, 0.5836187601089478, 0.6124140024185181, 0.393638014793396, 0.5001509189605713, 0.4551534950733185, 0.4327605366706848, 0.4285214841365814, 0.3529385030269623]}