{"accuracy": [0.5392156839370728], "loss": [35.5841064453125], "val_accuracy": [0.7663043737411499], "val_loss": [2.3118438720703125]}