{"accuracy": [0.7051091194152832, 0.8901289701461792, 0.9211309552192688, 0.9471726417541504, 0.955605149269104, 0.96875, 0.971230149269104, 0.9645337462425232, 0.9759424328804016, 0.9759424328804016, 0.9853670597076416, 0.99057537317276, 0.9888392686843872, 0.9652777910232544, 0.9734622836112976, 0.9672619104385376, 0.986855149269104, 0.9858630895614624, 0.9890872836112976, 0.986855149269104, 0.9704861044883728, 0.9799107313156128, 0.9848710298538208, 0.9813988208770752, 0.986855149269104, 0.9863591194152832, 0.985615074634552, 0.99379962682724, 0.9960317611694336, 0.9908233880996704, 0.99379962682724, 0.9960317611694336, 0.9945436716079712, 0.9923115372657776, 0.9809027910232544, 0.9754464030265808, 0.9789186716079712, 0.9813988208770752, 0.9915674328804016, 0.995039701461792, 0.9945436716079712, 0.996279776096344, 0.9920634627342224, 0.986855149269104, 0.9895833134651184, 0.9942956566810608, 0.9940476417541504, 0.9935516119003296, 0.9923115372657776, 0.992559552192688], "loss": [16.714258193969727, 0.6774834990501404, 0.33017438650131226, 0.2388819009065628, 0.16725614666938782, 0.10709350556135178, 0.09846801310777664, 0.11570374667644501, 0.10147298872470856, 0.09578431397676468, 0.052124109119176865, 0.03209247812628746, 0.047069039195775986, 0.15273727476596832, 0.11709730327129364, 0.13942156732082367, 0.05182598531246185, 0.048905499279499054, 0.04533102363348007, 0.058047838509082794, 0.15550686419010162, 0.0942266434431076, 0.06579908728599548, 0.09319807589054108, 0.05019952729344368, 0.0632404014468193, 0.07998873293399811, 0.027453068643808365, 0.02404000423848629, 0.038813162595033646, 0.0369848757982254, 0.012931865639984608, 0.02185847982764244, 0.04219648987054825, 0.13347306847572327, 0.17339926958084106, 0.11419948935508728, 0.10488465428352356, 0.039723824709653854, 0.02243611589074135, 0.02164585143327713, 0.0234865490347147, 0.05792786926031113, 0.07551196962594986, 0.053429607301950455, 0.032025426626205444, 0.033556561917066574, 0.0280909463763237, 0.04493653401732445, 0.04497826471924782], "val_accuracy": [0.8285123705863953, 0.8615702390670776, 0.8977272510528564, 0.9111570119857788, 0.9090909361839294, 0.8997933864593506, 0.8925619721412659, 0.9183884263038635, 0.9276859760284424, 0.9431818127632141, 0.9369834661483765, 0.9173553586006165, 0.932851254940033, 0.922520637512207, 0.9090909361839294, 0.91425621509552, 0.9442148804664612, 0.9400826692581177, 0.9535123705863953, 0.9214876294136047, 0.9194214940071106, 0.9297520518302917, 0.9266529083251953, 0.94111567735672, 0.9462810158729553, 0.9163222908973694, 0.9431818127632141, 0.942148745059967, 0.94111567735672, 0.9400826692581177, 0.9442148804664612, 0.9483470916748047, 0.9431818127632141, 0.9318181872367859, 0.9121900796890259, 0.9204545617103577, 0.9369834661483765, 0.94111567735672, 0.9442148804664612, 0.9452479481697083, 0.9431818127632141, 0.9493801593780518, 0.942148745059967, 0.9245867729187012, 0.9359503984451294, 0.9473140239715576, 0.9390496015548706, 0.9431818127632141, 0.952479362487793, 0.9194214940071106], "val_loss": [1.6299418210983276, 0.7599141597747803, 0.7184640169143677, 0.6727135181427002, 0.7015088796615601, 0.6830907464027405, 0.6738262176513672, 0.7445936799049377, 0.7414206862449646, 0.5576732754707336, 0.6809381246566772, 0.7811071872711182, 0.6501555442810059, 0.7205820679664612, 1.0698086023330688, 0.8479297161102295, 0.5786293148994446, 0.6735138297080994, 0.6468129754066467, 0.8218942880630493, 0.9646236300468445, 0.9765928983688354, 0.8692070841789246, 0.9308916926383972, 0.7550379633903503, 1.0028477907180786, 0.8555605411529541, 0.8126621246337891, 0.7637532949447632, 0.7925348877906799, 0.8331526517868042, 0.8480103611946106, 0.7470387816429138, 0.9216483235359192, 1.2922190427780151, 1.3919672966003418, 0.9467188119888306, 0.8624097108840942, 0.7266966104507446, 0.8067079782485962, 0.9150418639183044, 0.7842817902565002, 0.8746964931488037, 1.1729586124420166, 0.9723758697509766, 0.8784079551696777, 1.1937333345413208, 0.8199373483657837, 0.9494922757148743, 1.6604191064834595]}