{"accuracy": [0.180307537317276, 0.3273809552192688, 0.4526289701461792, 0.566220223903656, 0.6666666865348816, 0.7552083134651184, 0.8311011791229248, 0.8821924328804016, 0.9126983880996704, 0.9260912537574768], "loss": [4.049132823944092, 1.874889850616455, 1.5517072677612305, 1.251191258430481, 0.9690755009651184, 0.7232488989830017, 0.5071524977684021, 0.38186314702033997, 0.2693985104560852, 0.22599546611309052], "val_accuracy": [0.29648759961128235, 0.34504133462905884, 0.40495866537094116, 0.46177685260772705, 0.46694216132164, 0.47830578684806824, 0.5010330677032471, 0.5030992031097412, 0.5123966932296753, 0.5237603187561035], "val_loss": [2.0252926349639893, 1.8345659971237183, 1.7332435846328735, 1.6606606245040894, 1.6860041618347168, 1.6979575157165527, 1.9176640510559082, 2.150817394256592, 2.225003480911255, 2.3436150550842285]}