{"accuracy": [0.7408233880996704, 0.8851686716079712, 0.9045138955116272, 0.9154266119003296, 0.9407241940498352], "loss": [10.4290189743042, 0.5223867893218994, 0.3723624050617218, 0.31502774357795715, 0.21082209050655365], "val_accuracy": [0.8130165338516235, 0.8780992031097412, 0.8915289044380188, 0.9059917330741882, 0.922520637512207], "val_loss": [0.7924943566322327, 0.5663809180259705, 0.5714007019996643, 0.5657381415367126, 0.45277297496795654]}