{"accuracy": [0.6396329402923584, 0.8447420597076416], "loss": [16.753402709960938, 0.6409963965415955], "val_accuracy": [0.8016529083251953, 0.8667355179786682], "val_loss": [0.8738128542900085, 0.6366667747497559]}