{"accuracy": [0.7651289701461792, 0.8950892686843872, 0.9226190447807312, 0.950644850730896, 0.9645337462425232, 0.9682539701461792, 0.9670138955116272, 0.9714781641960144, 0.9823908805847168, 0.9642857313156128, 0.9754464030265808, 0.9861111044883728, 0.9828869104385376, 0.9848710298538208, 0.9871031641960144, 0.9853670597076416, 0.9913194179534912, 0.9677579402923584, 0.9759424328804016, 0.9704861044883728, 0.9734622836112976, 0.9900793433189392, 0.9933035969734192, 0.9967758059501648, 0.9980158805847168, 0.9977678656578064, 0.997519850730896, 0.997519850730896, 0.998759925365448, 0.9997519850730896, 0.9995039701461792, 0.9957837462425232, 0.9756944179534912, 0.9632936716079712, 0.976934552192688, 0.9809027910232544, 0.9853670597076416, 0.9908233880996704, 0.9928075671195984, 0.9923115372657776, 0.9955357313156128, 0.9945436716079712, 0.9947916865348816, 0.9895833134651184, 0.9875991940498352, 0.984375, 0.9935516119003296, 0.9965277910232544, 0.9985119104385376, 0.9985119104385376], "loss": [12.4657621383667, 0.9491406083106995, 0.4812750518321991, 0.2427217811346054, 0.17225609719753265, 0.1508173644542694, 0.17106349766254425, 0.14593014121055603, 0.08958029001951218, 0.21541444957256317, 0.12221160531044006, 0.05605609714984894, 0.07930316776037216, 0.06050780788064003, 0.06343401223421097, 0.0685919001698494, 0.054302897304296494, 0.2572939395904541, 0.15992426872253418, 0.21224065124988556, 0.1731664389371872, 0.04591432213783264, 0.030320098623633385, 0.015084382146596909, 0.004063733853399754, 0.006017169449478388, 0.00953145232051611, 0.011314089410007, 0.004761609248816967, 0.0010472747962921858, 0.0018743298714980483, 0.011945034377276897, 0.213775172829628, 0.2598905861377716, 0.1698259562253952, 0.15142320096492767, 0.08554144948720932, 0.041707076132297516, 0.028866246342658997, 0.041893649846315384, 0.02900773473083973, 0.03607727959752083, 0.0366472490131855, 0.056743498891592026, 0.08259700238704681, 0.12253376841545105, 0.037010107189416885, 0.01999594271183014, 0.00862890761345625, 0.0042663817293941975], "val_accuracy": [0.8770661354064941, 0.8987603187561035, 0.8811983466148376, 0.9039255976676941, 0.9400826692581177, 0.9369834661483765, 0.94111567735672, 0.93388432264328, 0.9442148804664612, 0.9380165338516235, 0.9380165338516235, 0.9555785059928894, 0.9369834661483765, 0.9514462947845459, 0.9669421315193176, 0.9514462947845459, 0.9638429880142212, 0.9452479481697083, 0.9493801593780518, 0.9359503984451294, 0.9462810158729553, 0.9555785059928894, 0.9566115736961365, 0.9638429880142212, 0.96074378490448, 0.9586777091026306, 0.9638429880142212, 0.9659090638160706, 0.9648760557174683, 0.9638429880142212, 0.9710744023323059, 0.9473140239715576, 0.9214876294136047, 0.9514462947845459, 0.9535123705863953, 0.952479362487793, 0.9555785059928894, 0.9628099203109741, 0.9586777091026306, 0.9669421315193176, 0.9659090638160706, 0.9700413346290588, 0.96074378490448, 0.9597107172012329, 0.9628099203109741, 0.9628099203109741, 0.96074378490448, 0.9690082669258118, 0.9700413346290588, 0.9638429880142212], "val_loss": [1.203619360923767, 0.7364680767059326, 0.9445711374282837, 0.6197123527526855, 0.3214079737663269, 0.4648292660713196, 0.5628489255905151, 0.5215296149253845, 0.44816073775291443, 0.4902115762233734, 0.5853902101516724, 0.41870880126953125, 0.5284878015518188, 0.4037052392959595, 0.3328388035297394, 0.4400073289871216, 0.3292548656463623, 0.5238032937049866, 0.5666306018829346, 0.6550104022026062, 0.5648476481437683, 0.4611905515193939, 0.39132559299468994, 0.356568306684494, 0.44245484471321106, 0.4175683259963989, 0.3407819867134094, 0.3721317648887634, 0.33425310254096985, 0.2997748851776123, 0.2506653070449829, 0.7137268781661987, 0.6322091221809387, 0.5639060735702515, 0.47350752353668213, 0.5098652839660645, 0.448269784450531, 0.46543699502944946, 0.5136198997497559, 0.4888785183429718, 0.49761930108070374, 0.40096089243888855, 0.4455656111240387, 0.7034653425216675, 0.47327208518981934, 0.4812677204608917, 0.5085899233818054, 0.5034670233726501, 0.43900302052497864, 0.44119030237197876]}